Workbook

Sheet 1.2.1.1 Sheet tổng hợp điểm
B1: ĐIỂM THI HKI-2018-2019 (CT428)
B2: Ma CB | C2: 1043 | D2: Ho va ten | F2: Nguyen Minh Trung
B3: Ma MH | C3: CT428 | D3: Ma NH | F3: 8
B4: Nam hoc | C4: 2020-2021 | D4: Hoc ky | F4: 1
A6: STT | B6: Mã SV | C6: Họ và Tên | D6: Điểm TH 1 | E6: Điểm TH 2 | F6: Điểm TH 3 | G6: Điểm BT lớn | H6: Điểm L.T | I6: Điểm tổng | J6: Điểm theo thang điểm 10 | K6: Điểm chữ
A7: 1 | B7: 0B1505719 | C7: Nguyễn Văn Hiếu | D7: 0.45 | E7: 0.25 | F7: 0.3 | G7: 0.5 | H7: 4.2 | I7: =ROUND(IF(H7=-3, 0, D7+E7+F7+G7+0.6*H7), 1) -> 4 | J7: =ROUND(IF(OR(G7=0, VALUE(LEFT(B7,1))>2), 0, I7 + _xlfn.XLOOKUP(VALUE(LEFT(B7,1)), '1.2.1.5 Bảng tham chiếu & tk'!$E$4:$E$6, '1.2.1.5 Bảng tham chiếu & tk'!$G$4:$G$6, 0)), 1) -> 4 | K7: {=_xlfn.IFS(J7>=9, "A", J7>=8, "B+", J7>=7, "B", J7>=6.5, "C+", J7>=5.5, "C", J7>=5, "D+", J7>=4, "D", TRUE, "F")} -> D
A8: 2 | B8: 1B1505915 | C8: Lý Minh Trí | D8: 0.5 | E8: 0.3 | F8: 0.4 | G8: 1 | H8: 5.8 | I8: =ROUND(IF(H8=-3, 0, D8+E8+F8+G8+0.6*H8), 1) -> 5.7 | J8: =ROUND(IF(OR(G8=0, VALUE(LEFT(B8,1))>2), 0, I8 + _xlfn.XLOOKUP(VALUE(LEFT(B8,1)), '1.2.1.5 Bảng tham chiếu & tk'!$E$4:$E$6, '1.2.1.5 Bảng tham chiếu & tk'!$G$4:$G$6, 0)), 1) -> 5.7 | K8: {=_xlfn.IFS(J8>=9, "A", J8>=8, "B+", J8>=7, "B", J8>=6.5, "C+", J8>=5.5, "C", J8>=5, "D+", J8>=4, "D", TRUE, "F")} -> C
A9: 3 | B9: 0B1509874 | C9: Nguyễn Kiều Mi | D9: 0.25 | E9: 0.25 | F9: 0.3 | G9: 0.5 | H9: 5.8 | I9: =ROUND(IF(H9=-3, 0, D9+E9+F9+G9+0.6*H9), 1) -> 4.8 | J9: =ROUND(IF(OR(G9=0, VALUE(LEFT(B9,1))>2), 0, I9 + _xlfn.XLOOKUP(VALUE(LEFT(B9,1)), '1.2.1.5 Bảng tham chiếu & tk'!$E$4:$E$6, '1.2.1.5 Bảng tham chiếu & tk'!$G$4:$G$6, 0)), 1) -> 4.8 | K9: {=_xlfn.IFS(J9>=9, "A", J9>=8, "B+", J9>=7, "B", J9>=6.5, "C+", J9>=5.5, "C", J9>=5, "D+", J9>=4, "D", TRUE, "F")} -> D
A10: 4 | B10: 0B1509929 | C10: Đặng Duy Linh | D10: 0.4 | E10: 0.25 | F10: 0.35 | G10: 1 | H10: 4.5 | I10: =ROUND(IF(H10=-3, 0, D10+E10+F10+G10+0.6*H10), 1) -> 4.7 | J10: =ROUND(IF(OR(G10=0, VALUE(LEFT(B10,1))>2), 0, I10 + _xlfn.XLOOKUP(VALUE(LEFT(B10,1)), '1.2.1.5 Bảng tham chiếu & tk'!$E$4:$E$6, '1.2.1.5 Bảng tham chiếu & tk'!$G$4:$G$6, 0)), 1) -> 4.7 | K10: {=_xlfn.IFS(J10>=9, "A", J10>=8, "B+", J10>=7, "B", J10>=6.5, "C+", J10>=5.5, "C", J10>=5, "D+", J10>=4, "D", TRUE, "F")} -> D
A11: 5 | B11: 2B1605223 | C11: Lê Thị Trúc Linh | D11: 0.45 | E11: 0.4 | F11: 0.35 | G11: 0.75 | H11: 5.5 | I11: =ROUND(IF(H11=-3, 0, D11+E11+F11+G11+0.6*H11), 1) -> 5.3 | J11: =ROUND(IF(OR(G11=0, VALUE(LEFT(B11,1))>2), 0, I11 + _xlfn.XLOOKUP(VALUE(LEFT(B11,1)), '1.2.1.5 Bảng tham chiếu & tk'!$E$4:$E$6, '1.2.1.5 Bảng tham chiếu & tk'!$G$4:$G$6, 0)), 1) -> 5.3 | K11: {=_xlfn.IFS(J11>=9, "A", J11>=8, "B+", J11>=7, "B", J11>=6.5, "C+", J11>=5.5, "C", J11>=5, "D+", J11>=4, "D", TRUE, "F")} -> D+
A12: 6 | B12: 0B1605235 | C12: Phạm THị Huỳnh | D12: 0.4 | E12: 0.45 | F12: 0.5 | G12: 1.2 | H12: 7.5 | I12: =ROUND(IF(H12=-3, 0, D12+E12+F12+G12+0.6*H12), 1) -> 7.1 | J12: =ROUND(IF(OR(G12=0, VALUE(LEFT(B12,1))>2), 0, I12 + _xlfn.XLOOKUP(VALUE(LEFT(B12,1)), '1.2.1.5 Bảng tham chiếu & tk'!$E$4:$E$6, '1.2.1.5 Bảng tham chiếu & tk'!$G$4:$G$6, 0)), 1) -> 7.1 | K12: {=_xlfn.IFS(J12>=9, "A", J12>=8, "B+", J12>=7, "B", J12>=6.5, "C+", J12>=5.5, "C", J12>=5, "D+", J12>=4, "D", TRUE, "F")} -> B
A13: 7 | B13: 0B1605249 | C13: Lê Minh Thông | D13: 0.4 | E13: 0.4 | F13: 0.4 | G13: 1 | H13: 5.3 | I13: =ROUND(IF(H13=-3, 0, D13+E13+F13+G13+0.6*H13), 1) -> 5.4 | J13: =ROUND(IF(OR(G13=0, VALUE(LEFT(B13,1))>2), 0, I13 + _xlfn.XLOOKUP(VALUE(LEFT(B13,1)), '1.2.1.5 Bảng tham chiếu & tk'!$E$4:$E$6, '1.2.1.5 Bảng tham chiếu & tk'!$G$4:$G$6, 0)), 1) -> 5.4 | K13: {=_xlfn.IFS(J13>=9, "A", J13>=8, "B+", J13>=7, "B", J13>=6.5, "C+", J13>=5.5, "C", J13>=5, "D+", J13>=4, "D", TRUE, "F")} -> D+
A14: 8 | B14: 0B1605285 | C14: Huỳnh Thị Diễm | D14: 0.45 | E14: 0.4 | F14: 0.45 | G14: 0 | H14: 6.8 | I14: =ROUND(IF(H14=-3, 0, D14+E14+F14+G14+0.6*H14), 1) -> 5.4 | J14: =ROUND(IF(OR(G14=0, VALUE(LEFT(B14,1))>2), 0, I14 + _xlfn.XLOOKUP(VALUE(LEFT(B14,1)), '1.2.1.5 Bảng tham chiếu & tk'!$E$4:$E$6, '1.2.1.5 Bảng tham chiếu & tk'!$G$4:$G$6, 0)), 1) -> 0 | K14: {=_xlfn.IFS(J14>=9, "A", J14>=8, "B+", J14>=7, "B", J14>=6.5, "C+", J14>=5.5, "C", J14>=5, "D+", J14>=4, "D", TRUE, "F")} -> F
A15: 9 | B15: 0B1605291 | C15: Trần Thanh Nguyên | D15: 0.45 | E15: 0.4 | F15: 0.4 | G15: 0.75 | H15: 6.3 | I15: =ROUND(IF(H15=-3, 0, D15+E15+F15+G15+0.6*H15), 1) -> 5.8 | J15: =ROUND(IF(OR(G15=0, VALUE(LEFT(B15,1))>2), 0, I15 + _xlfn.XLOOKUP(VALUE(LEFT(B15,1)), '1.2.1.5 Bảng tham chiếu & tk'!$E$4:$E$6, '1.2.1.5 Bảng tham chiếu & tk'!$G$4:$G$6, 0)), 1) -> 5.8 | K15: {=_xlfn.IFS(J15>=9, "A", J15>=8, "B+", J15>=7, "B", J15>=6.5, "C+", J15>=5.5, "C", J15>=5, "D+", J15>=4, "D", TRUE, "F")} -> C
A16: 10 | B16: 1B1605344 | C16: Nguyễn Thị Đào | D16: 0.3 | E16: 0.5 | F16: 0.45 | G16: 0.3 | H16: 8.3 | I16: =ROUND(IF(H16=-3, 0, D16+E16+F16+G16+0.6*H16), 1) -> 6.5 | J16: =ROUND(IF(OR(G16=0, VALUE(LEFT(B16,1))>2), 0, I16 + _xlfn.XLOOKUP(VALUE(LEFT(B16,1)), '1.2.1.5 Bảng tham chiếu & tk'!$E$4:$E$6, '1.2.1.5 Bảng tham chiếu & tk'!$G$4:$G$6, 0)), 1) -> 6.5 | K16: {=_xlfn.IFS(J16>=9, "A", J16>=8, "B+", J16>=7, "B", J16>=6.5, "C+", J16>=5.5, "C", J16>=5, "D+", J16>=4, "D", TRUE, "F")} -> C+
A17: 11 | B17: 4B1607025 | C17: Nguyễn Chí Thanh | D17: 0.4 | E17: 0.45 | F17: 0.4 | G17: 0.3 | H17: -3 | I17: =ROUND(IF(H17=-3, 0, D17+E17+F17+G17+0.6*H17), 1) -> 0 | J17: =ROUND(IF(OR(G17=0, VALUE(LEFT(B17,1))>2), 0, I17 + _xlfn.XLOOKUP(VALUE(LEFT(B17,1)), '1.2.1.5 Bảng tham chiếu & tk'!$E$4:$E$6, '1.2.1.5 Bảng tham chiếu & tk'!$G$4:$G$6, 0)), 1) -> 0 | K17: {=_xlfn.IFS(J17>=9, "A", J17>=8, "B+", J17>=7, "B", J17>=6.5, "C+", J17>=5.5, "C", J17>=5, "D+", J17>=4, "D", TRUE, "F")} -> F
A18: 12 | B18: 2B1609759 | C18: Nguyễn Hải Anh | D18: 0.5 | E18: 0.5 | F18: 0.45 | G18: 1.5 | H18: 7 | I18: =ROUND(IF(H18=-3, 0, D18+E18+F18+G18+0.6*H18), 1) -> 7.2 | J18: =ROUND(IF(OR(G18=0, VALUE(LEFT(B18,1))>2), 0, I18 + _xlfn.XLOOKUP(VALUE(LEFT(B18,1)), '1.2.1.5 Bảng tham chiếu & tk'!$E$4:$E$6, '1.2.1.5 Bảng tham chiếu & tk'!$G$4:$G$6, 0)), 1) -> 7.2 | K18: {=_xlfn.IFS(J18>=9, "A", J18>=8, "B+", J18>=7, "B", J18>=6.5, "C+", J18>=5.5, "C", J18>=5, "D+", J18>=4, "D", TRUE, "F")} -> B
... A20: 14 | B20: 0B1609773 | C20: Nguyễn Duy Khanh | D20: 0.35 | E20: 0.4 | F20: 0 | G20: 0.85 | H20: 6.5 | I20: =ROUND(IF(H20=-3, 0, D20+E20+F20+G20+0.6*H20), 1) -> 5.5 | J20: =ROUND(IF(OR(G20=0, VALUE(LEFT(B20,1))>2), 0, I20 + _xlfn.XLOOKUP(VALUE(LEFT(B20,1)), '1.2.1.5 Bảng tham chiếu & tk'!$E$4:$E$6, '1.2.1.5 Bảng tham chiếu & tk'!$G$4:$G$6, 0)), 1) -> 5.5 | K20: {=_xlfn.IFS(J20>=9, "A", J20>=8, "B+", J20>=7, "B", J20>=6.5, "C+", J20>=5.5, "C", J20>=5, "D+", J20>=4, "D", TRUE, "F")} -> C

Sheet 1.2.1.2 Điểm thực hành các buổi
B1: A | C1: B | D1: C | E1: D | F1: E | G1: F
A2: 1 | B2: Điểm thực hành các buổi
A3: 2 | B3: STT | C3: Mã SV | D3: Họ và Tên | E3: Điểm TH 1 | F3: Điểm TH 2 | G3: Điểm TH 3
A4: 3 | B4: 1 | C4: B1505719 | D4: Nguyễn Văn Hiếu | E4: 0.45 | F4: 0.25 | G4: 0.3
A5: 4 | B5: 2 | C5: B1505915 | D5: Lý Minh Trí | E5: 0.5 | F5: 0.3 | G5: 0.4
A6: 5 | B6: 3 | C6: B1509874 | D6: Nguyễn Kiều Mi | E6: 0.25 | F6: 0.25 | G6: 0.3
A7: 6 | B7: 4 | C7: B1509929 | D7: Đặng Duy Linh | E7: 0.4 | F7: 0.25 | G7: 0.35
A8: 7 | B8: 5 | C8: B1605223 | D8: Lê Thị Trúc Linh | E8: 0.45 | F8: 0.4 | G8: 0.35
A9: 8 | B9: 6 | C9: B1605235 | D9: Phạm THị Huỳnh | E9: 0.4 | F9: 0.45 | G9: 0.5
A10: 9 | B10: 7 | C10: B1605249 | D10: Lê Minh Thông | E10: 0.4 | F10: 0.4 | G10: 0.4
A11: 10 | B11: 8 | C11: B1605285 | D11: Huỳnh Thị Diễm | E11: 0.45 | F11: 0.4 | G11: 0.45
A12: 11 | B12: 9 | C12: B1605291 | D12: Trần Thanh Nguyên | E12: 0.45 | F12: 0.4 | G12: 0.4
A13: 12 | B13: 10 | C13: B1605344 | D13: Nguyễn Thị Đào | E13: 0.3 | F13: 0.5 | G13: 0.45
A14: 13 | B14: 11 | C14: B1607025 | D14: Nguyễn Chí Thanh | E14: 0.4 | F14: 0.45 | G14: 0.4
A15: 14 | B15: 12 | C15: B1609759 | D15: Nguyễn Hải Anh | E15: 0.5 | F15: 0.5 | G15: 0.45
... A17: 16 | B17: 14 | C17: B1609773 | D17: Nguyễn Duy Khanh | E17: 0.35 | F17: 0.4 | G17: 0

Sheet 1.2.1.3 Điểm bài tập lớn
B1: A | C1: B | D1: C | E1: D
A2: 1 | B2: Điểm bài tập lớn
A3: 2 | B3: STT | C3: Mã SV | D3: Họ và tên | E3: Điểm BL lớn
A4: 3 | B4: 1 | C4: B1505719 | D4: Nguyễn Văn Hiếu | E4: 0.5
A5: 4 | B5: 2 | C5: B1505915 | D5: Lý Minh Trí | E5: 1
A6: 5 | B6: 3 | C6: B1509874 | D6: Nguyễn Kiều Mi | E6: 0.5
A7: 6 | B7: 4 | C7: B1509929 | D7: Đặng Duy Linh | E7: 1
A8: 7 | B8: 5 | C8: B1605223 | D8: Lê Thị Trúc Linh | E8: 0.75
A9: 8 | B9: 6 | C9: B1605235 | D9: Phạm THị Huỳnh | E9: 1.2
A10: 9 | B10: 7 | C10: B1605249 | D10: Lê Minh Thông | E10: 1
A11: 10 | B11: 8 | C11: B1605285 | D11: Huỳnh Thị Diễm | E11: 0
A12: 11 | B12: 9 | C12: B1605291 | D12: Trần Thanh Nguyên | E12: 0.75
A13: 12 | B13: 10 | C13: B1605344 | D13: Nguyễn Thị Đào | E13: 0.3
A14: 13 | B14: 11 | C14: B1607025 | D14: Nguyễn Chí Thanh | E14: 0.3
A15: 14 | B15: 12 | C15: B1609759 | D15: Nguyễn Hải Anh | E15: 1.5
... A17: 16 | B17: 14 | C17: B1609773 | D17: Nguyễn Duy Khanh | E17: 0.85

Sheet 1.2.1.4 Điểm lý thuyết
B1: A | C1: B | D1: C | E1: D
A2: 1 | B2: Điểm lý thuyết
A3: 2 | B3: STT | C3: Mã SV | D3: Họ và tên | E3: Điểm lý thuyết
A4: 3 | B4: 1 | C4: B1505719 | D4: Nguyễn Văn Hiếu | E4: 4.2
A5: 4 | B5: 2 | C5: B1505915 | D5: Lý Minh Trí | E5: 5.8
A6: 5 | B6: 3 | C6: B1509874 | D6: Nguyễn Kiều Mi | E6: 5.8
A7: 6 | B7: 4 | C7: B1509929 | D7: Đặng Duy Linh | E7: 4.5
A8: 7 | B8: 5 | C8: B1605223 | D8: Lê Thị Trúc Linh | E8: 5.5
A9: 8 | B9: 6 | C9: B1605235 | D9: Phạm THị Huỳnh | E9: 7.5
A10: 9 | B10: 7 | C10: B1605249 | D10: Lê Minh Thông | E10: 5.3
A11: 10 | B11: 8 | C11: B1605285 | D11: Huỳnh Thị Diễm | E11: 6.8
A12: 11 | B12: 9 | C12: B1605291 | D12: Trần Thanh Nguyên | E12: 6.3
A13: 12 | B13: 10 | C13: B1605344 | D13: Nguyễn Thị Đào | E13: 8.3
A14: 13 | B14: 11 | C14: B1607025 | D14: Nguyễn Chí Thanh | E14: -3
A15: 14 | B15: 12 | C15: B1609759 | D15: Nguyễn Hải Anh | E15: 7
... A17: 16 | B17: 14 | C17: B1609773 | D17: Nguyễn Duy Khanh | E17: 6.5

Sheet 1.2.1.5 Bảng tham chiếu & tk
B1: A | C1: B | D1: C | E1: D | F1: E | G1: F
A2: 1 | B2: Bảng quy đổi điểm | F2: Bảng điểm Chuyên cần
A3: 2 | B3: Điểm theo thang điểm 10 | C3: Điểm chữ | D3: Điểm theo thang điểm 4 | F3: Số buổi vắng | G3: Điểm CT
A4: 3 | B4: 0 | C4: F | D4: 0 | F4: 0 | G4: 1
A5: 4 | B5: 4 | C5: D | D5: 1 | F5: 1 | G5: 0.5
A6: 5 | B6: 5 | C6: D+ | D6: 1.5 | F6: 2 | G6: 0.25
A7: 6 | B7: 5.5 | C7: C | D7: 2
A8: 7 | B8: 6.5 | C8: C+ | D8: 2.5
A9: 8 | B9: 7 | C9: B | D9: 3
A10: 9 | B10: 8 | C10: B+ | D10: 3.5
A11: 10 | B11: 9 | C11: A | D11: 4
A12: 11
A13: 12 | B13: Danh sách Sinh Viên | F13: Bảng thống kê theo điểm chữ
A14: 13 | B14: STT | C14: Mã SV | D14: Họ và tên | F14: Điểm chữ | G14: Số lượng sinh viên
A15: 14 | B15: 1 | C15: B1505719 | D15: Nguyễn Văn Hiếu | F15: A | G15: =COUNTIF('1.2.1.1 Sheet tổng hợp điểm'!$K$7:$K$20, TRIM(F15)) -> 0
A16: 15 | B16: 2 | C16: B1505915 | D16: Lý Minh Trí | F16: B+ | G16: =COUNTIF('1.2.1.1 Sheet tổng hợp điểm'!$K$7:$K$20, TRIM(F16)) -> 0
A17: 16 | B17: 3 | C17: B1509874 | D17: Nguyễn Kiều Mi | F17: B | G17: =COUNTIF('1.2.1.1 Sheet tổng hợp điểm'!$K$7:$K$20, TRIM(F17)) -> 2
A18: 17 | B18: 4 | C18: B1509929 | D18: Đặng Duy Linh | F18: C+ | G18: =COUNTIF('1.2.1.1 Sheet tổng hợp điểm'!$K$7:$K$20, TRIM(F18)) -> 1
A19: 18 | B19: 5 | C19: B1605223 | D19: Lê Thị Trúc Linh | F19: C | G19: =COUNTIF('1.2.1.1 Sheet tổng hợp điểm'!$K$7:$K$20, TRIM(F19)) -> 3
A20: 19 | B20: 6 | C20: B1605235 | D20: Phạm THị Huỳnh | F20: D+ | G20: =COUNTIF('1.2.1.1 Sheet tổng hợp điểm'!$K$7:$K$20, TRIM(F20)) -> 2
A21: 20 | B21: 7 | C21: B1605249 | D21: Lê Minh Thông | F21: D | G21: =COUNTIF('1.2.1.1 Sheet tổng hợp điểm'!$K$7:$K$20, TRIM(F21)) -> 3
A22: 21 | B22: 8 | C22: B1605285 | D22: Huỳnh Thị Diễm | F22: F | G22: =COUNTIF('1.2.1.1 Sheet tổng hợp điểm'!$K$7:$K$20, TRIM(F22)) -> 3
A23: 22 | B23: 9 | C23: B1605291 | D23: Trần Thanh Nguyên
A24: 23 | B24: 10 | C24: B1605344 | D24: Nguyễn Thị Đào | F24: Bảng thống kê SV
A25: 24 | B25: 11 | C25: B1607025 | D25: Nguyễn Chí Thanh | F25: Số sinh viên điểm BT lớn = 0 hoặc điểm LT = -3 | G25: =COUNTIF('1.2.1.1 Sheet tổng hợp điểm'!G7:G20, 0) + COUNTIF('1.2.1.1 Sheet tổng hợp điểm'!H7:H20, -3) -> 3
A26: 25 | B26: 12 | C26: B1609759 | D26: Nguyễn Hải Anh
A27: 26 | B27: 13 | C27: B1609765 | D27: Trần Nam Dương
A28: 27 | B28: 14 | C28: B1609773 | D28: Nguyễn Duy Khanh | F28: Số SV nghỉ TH > 2 | G28: =COUNTIF('1.2.1.1 Sheet tổng hợp điểm'!K7:K20, "B+") + COUNTIF('1.2.1.1 Sheet tổng hợp điểm'!K7:K20, "A") -> 0

Sheet Sinh viên điểm<7
A2: STT | B2: Mã SV | C2: Họ và Tên | D2: Điểm TH 1 | E2: Điểm TH 2 | F2: Điểm TH 3 | G2: Điểm BT lớn | H2: Điểm L.T | I2: Điểm tổng | J2: Điểm theo thang điểm 10 | K2: Điểm chữ
A3: {=_xlfn._xlws.FILTER('1.2.1.1 Sheet tổng hợp điểm'!A7:K20, '1.2.1.1 Sheet tổng hợp điểm'!J7:J20 < 7)} -> 1 | B3: 0B1505719 | C3: Nguyễn Văn Hiếu | D3: 0.45 | E3: 0.25 | F3: 0.3 | G3: 0.5 | H3: 4.2 | I3: 4 | J3: 4 | K3: D
A4: 2 | B4: 1B1505915 | C4: Lý Minh Trí | D4: 0.5 | E4: 0.3 | F4: 0.4 | G4: 1 | H4: 5.8 | I4: 5.7 | J4: 5.7 | K4: C
A5: 3 | B5: 0B1509874 | C5: Nguyễn Kiều Mi | D5: 0.25 | E5: 0.25 | F5: 0.3 | G5: 0.5 | H5: 5.8 | I5: 4.8 | J5: 4.8 | K5: D
A6: 4 | B6: 0B1509929 | C6: Đặng Duy Linh | D6: 0.4 | E6: 0.25 | F6: 0.35 | G6: 1 | H6: 4.5 | I6: 4.7 | J6: 4.7 | K6: D
A7: 5 | B7: 2B1605223 | C7: Lê Thị Trúc Linh | D7: 0.45 | E7: 0.4 | F7: 0.35 | G7: 0.75 | H7: 5.5 | I7: 5.3 | J7: 5.3 | K7: D+
A8: 7 | B8: 0B1605249 | C8: Lê Minh Thông | D8: 0.4 | E8: 0.4 | F8: 0.4 | G8: 1 | H8: 5.3 | I8: 5.4 | J8: 5.4 | K8: D+
A9: 8 | B9: 0B1605285 | C9: Huỳnh Thị Diễm | D9: 0.45 | E9: 0.4 | F9: 0.45 | G9: 0 | H9: 6.8 | I9: 5.4 | J9: 0 | K9: F
A10: 9 | B10: 0B1605291 | C10: Trần Thanh Nguyên | D10: 0.45 | E10: 0.4 | F10: 0.4 | G10: 0.75 | H10: 6.3 | I10: 5.8 | J10: 5.8 | K10: C
A11: 10 | B11: 1B1605344 | C11: Nguyễn Thị Đào | D11: 0.3 | E11: 0.5 | F11: 0.45 | G11: 0.3 | H11: 8.3 | I11: 6.5 | J11: 6.5 | K11: C+
A12: 11 | B12: 4B1607025 | C12: Nguyễn Chí Thanh | D12: 0.4 | E12: 0.45 | F12: 0.4 | G12: 0.3 | H12: -3 | I12: 0 | J12: 0 | K12: F
A13: 13 | B13: 5B1609765 | C13: Trần Nam Dương | D13: 0.4 | E13: 0.4 | F13: 0.35 | G13: 1.35 | H13: -3 | I13: 0 | J13: 0 | K13: F
A14: 14 | B14: 0B1609773 | C14: Nguyễn Duy Khanh | D14: 0.35 | E14: 0.4 | F14: 0 | G14: 0.85 | H14: 6.5 | I14: 5.5 | J14: 5.5 | K14: C

Sheet Sinh viên điểm >=7
A2: STT | B2: Mã SV | C2: Họ và Tên | D2: Điểm TH 1 | E2: Điểm TH 2 | F2: Điểm TH 3 | G2: Điểm BT lớn | H2: Điểm L.T | I2: Điểm tổng | J2: Điểm theo thang điểm 10 | K2: Điểm chữ
A3: {=_xlfn._xlws.FILTER('1.2.1.1 Sheet tổng hợp điểm'!A7:K20, VALUE('1.2.1.1 Sheet tổng hợp điểm'!J7:J20)>=7)} -> 6 | B3: 0B1605235 | C3: Phạm THị Huỳnh | D3: 0.4 | E3: 0.45 | F3: 0.5 | G3: 1.2 | H3: 7.5 | I3: 7.1 | J3: 7.1 | K3: B
A4: 12 | B4: 2B1609759 | C4: Nguyễn Hải Anh | D4: 0.5 | E4: 0.5 | F4: 0.45 | G4: 1.5 | H4: 7 | I4: 7.2 | J4: 7.2 | K4: B
